jurisdiction,state_code,vertical,typical_format,public_granularity,recommended_wave,official_landing_url,source_checked_at_utc,reporting_frequency,available_history,channel_coverage,collection_status,status_note,next_action,coverage_database,research_evidence,staged_rows,staged_periods
Alaska,AK,online_sports_betting,none identified,unknown,99,https://www.commerce.alaska.gov/web/dcra/LocalGovernmentResourceDesk/FinancialManagement/Gaming.aspx?lv=true,2026-09-05,none identified,none identified,unknown,no_public_series_found,The state gaming guide covers charitable gaming. Its direct download returned HTTP 403; indexed official guidance and the DOR overview did not identify a public online-revenue series. Current launch status is not established by this check.,Recheck the named official source for a product launch or separate public series; retain no zero observations.,data/staging/gaming_nationwide.sqlite,https://www.commerce.alaska.gov/web/dcra/LocalGovernmentResourceDesk/FinancialManagement/Gaming.aspx?lv=true [403 Client Error: Forbidden for url: https://www.commerce.alaska.gov/web/dcra/LocalGovernmentResourceDesk/FinancialManagement/Gaming.aspx?lv=true],0,0
Alaska,AK,online_casino,none identified,unknown,99,https://www.commerce.alaska.gov/web/dcra/LocalGovernmentResourceDesk/FinancialManagement/Gaming.aspx?lv=true,2026-09-05,none identified,none identified,unknown,no_public_series_found,The state gaming guide covers charitable gaming. Its direct download returned HTTP 403; indexed official guidance and the DOR overview did not identify a public online-revenue series. Current launch status is not established by this check.,Recheck the named official source for a product launch or separate public series; retain no zero observations.,data/staging/gaming_nationwide.sqlite,https://www.commerce.alaska.gov/web/dcra/LocalGovernmentResourceDesk/FinancialManagement/Gaming.aspx?lv=true [403 Client Error: Forbidden for url: https://www.commerce.alaska.gov/web/dcra/LocalGovernmentResourceDesk/FinancialManagement/Gaming.aspx?lv=true],0,0
Alabama,AL,online_sports_betting,none identified,unknown,99,https://alison.legislature.state.al.us/code-of-alabama?section=13A-12-21,2026-09-05,none identified,none identified,unknown,no_public_series_found,"Reviewed the current official gambling-code entry and source search; no official online sports/casino revenue archive identified. This is a source finding, not a new legal determination.",Recheck the named official source for a product launch or separate public series; retain no zero observations.,data/staging/gaming_nationwide.sqlite,https://alison.legislature.state.al.us/code-of-alabama?section=13A-12-21 [200],0,0
Alabama,AL,online_casino,none identified,unknown,99,https://alison.legislature.state.al.us/code-of-alabama?section=13A-12-21,2026-09-05,none identified,none identified,unknown,no_public_series_found,"Reviewed the current official gambling-code entry and source search; no official online sports/casino revenue archive identified. This is a source finding, not a new legal determination.",Recheck the named official source for a product launch or separate public series; retain no zero observations.,data/staging/gaming_nationwide.sqlite,https://alison.legislature.state.al.us/code-of-alabama?section=13A-12-21 [200],0,0
Arkansas,AR,online_sports_betting,PDF,limited/combined,5,https://www.dfa.arkansas.gov/office/taxes/field-audit-administration/casino-gaming-section/,2026-09-05,none identified,none identified,online series not located,no_public_series_found,"Checked DFA Casino Gaming Section, FAQ, tax descriptions and site report search. Public tax collections are combined casino receipts; no downloadable mobile activity archive found. Mobile reports are known to be reported to DFA; absence from these pages is not proof they do not exist.",Obtain the DFA monthly mobile activity report or its public archive URL; do not treat aggregate casino taxes as online GGR.,data/staging/gaming_nationwide.sqlite,https://www.dfa.arkansas.gov/office/taxes/excise-tax-administration/miscellaneous-tax/miscellaneous-tax-descriptions/ [200] | https://www.dfa.arkansas.gov/office/taxes/field-audit-administration/casino-gaming-section/ [200] | https://www.dfa.arkansas.gov/office/arkansas-racing-commission/ [404] | https://www.dfa.arkansas.gov/?s=casino+gaming+reports [200],0,0
Arkansas,AR,online_casino,none identified,unknown,99,https://www.dfa.arkansas.gov/office/taxes/field-audit-administration/casino-gaming-section/,2026-09-05,none identified,none identified,unknown,no_public_series_found,Checked the official regulator reporting/FAQ source and linked reporting categories; no separate online casino revenue series identified. This does not establish current legal status.,Recheck the named official source for a product launch or separate public series; retain no zero observations.,data/staging/gaming_nationwide.sqlite,https://www.dfa.arkansas.gov/office/taxes/excise-tax-administration/miscellaneous-tax/miscellaneous-tax-descriptions/ [200] | https://www.dfa.arkansas.gov/office/taxes/field-audit-administration/casino-gaming-section/ [200] | https://www.dfa.arkansas.gov/office/arkansas-racing-commission/ [404] | https://www.dfa.arkansas.gov/?s=casino+gaming+reports [200],0,0
Arizona,AZ,online_sports_betting,PDF,operator and statewide,3,https://gaming.az.gov/resources/reports,2026-09-05,monthly,Landing lists monthly reports; row-level history not validated,mobile separate from retail,access_blocked,"Landing returned 200, but June/May 2026 and December 2025 event-wagering PDF downloads returned HTTP 403. No PDF bytes available for a validated parser. Native adjusted columns must not be relabeled GGR.","Save an official report manually if accessible, then inspect and implement its mobile columns before staging. Keep TLS/access controls intact.",data/staging/gaming_nationwide.sqlite,https://gaming.az.gov/resources/reports [200] | https://gaming.az.gov/sites/default/files/EW%20Website%20Report-December%202025%20UNAUDITED.pdf [403],0,0
Arizona,AZ,online_casino,none identified,unknown,99,https://gaming.az.gov/resources/reports,2026-09-05,none identified,none identified,unknown,no_public_series_found,Checked the official regulator reporting/FAQ source and linked reporting categories; no separate online casino revenue series identified. This does not establish current legal status.,Recheck the named official source for a product launch or separate public series; retain no zero observations.,data/staging/gaming_nationwide.sqlite,https://gaming.az.gov/resources/reports [200] | https://gaming.az.gov/sites/default/files/EW%20Website%20Report-December%202025%20UNAUDITED.pdf [403],0,0
California,CA,online_sports_betting,none identified,unknown,99,https://oag.ca.gov/gambling/advisories,2026-09-05,none identified,none identified,unknown,no_public_series_found,Reviewed DOJ gambling oversight and illegal-internet-gambling advisories plus official sports-wagering material; no state online sports/casino revenue series found.,Recheck the named official source for a product launch or separate public series; retain no zero observations.,data/staging/gaming_nationwide.sqlite,https://oag.ca.gov/gambling/advisories [200],0,0
California,CA,online_casino,none identified,unknown,99,https://oag.ca.gov/gambling/advisories,2026-09-05,none identified,none identified,unknown,no_public_series_found,Reviewed DOJ gambling oversight and illegal-internet-gambling advisories plus official sports-wagering material; no state online sports/casino revenue series found.,Recheck the named official source for a product launch or separate public series; retain no zero observations.,data/staging/gaming_nationwide.sqlite,https://oag.ca.gov/gambling/advisories [200],0,0
Colorado,CO,online_sports_betting,PDF,operator and statewide,3,https://spl.cde.state.co.us/artemis/revserials/rev14111internet/,2026-09-05,monthly,2021-07-01 to 2026-02-28,online,partially_collected,Archive is July 2021-February 2026 with July 2025 absent. Most files only report internet NSBP/tax; GGR/handle appear in four retained summaries. Regulator landing and direct current report downloads returned HTTP 403. No net-to-gross substitution.,"Use notebook 90 to check the requested metric, missing periods, source versions and operator coverage before analysis.",data/staging/gaming_nationwide.sqlite,https://sbg.colorado.gov/sports-betting-0 [403] | https://spl.cde.state.co.us/artemis/revserials/rev14111internet/ [200] | https://sbg.colorado.gov/sports-betting-monthly-proceeds-reports [403] | https://spl.cde.state.co.us/artemis/revserials/rev14111internet/rev14111202602internet.pdf [200],55,55
Colorado,CO,online_casino,none identified,unknown,99,https://spl.cde.state.co.us/artemis/revserials/rev14111internet/,2026-09-05,none identified,none identified,unknown,no_public_series_found,Checked the official regulator reporting/FAQ source and linked reporting categories; no separate online casino revenue series identified. This does not establish current legal status.,Recheck the named official source for a product launch or separate public series; retain no zero observations.,data/staging/gaming_nationwide.sqlite,https://sbg.colorado.gov/sports-betting-0 [403] | https://spl.cde.state.co.us/artemis/revserials/rev14111internet/ [200] | https://sbg.colorado.gov/sports-betting-monthly-proceeds-reports [403] | https://spl.cde.state.co.us/artemis/revserials/rev14111internet/rev14111202602internet.pdf [200],0,0
Connecticut,CT,online_sports_betting,dashboard/source data,operator and statewide,4,https://portal.ct.gov/dcp/gaming-division/gaming/gaming-revenue-and-statistics,2026-09-05,monthly,2021-10-01 to 2026-07-31,online,collected_and_validated,Staging corrects the legacy mapping: printed online Win/(Loss) is gross; Unadjusted Monthly Gaming Revenue is sports win after excise; Total Gross Gaming Revenue is the post-promotion taxable/payment base. Original database retains the older mapping and must be reviewed before comparison.,"Use notebook 90 to check the requested metric, missing periods, source versions and operator coverage before analysis.",data/staging/gaming_nationwide.sqlite,https://portal.ct.gov/dcp/gaming-division/gaming/gaming-revenue-and-statistics [200],174,58
Connecticut,CT,online_casino,dashboard/source data,operator and statewide,4,https://portal.ct.gov/dcp/gaming-division/gaming/gaming-revenue-and-statistics,2026-09-05,monthly,2021-10-01 to 2026-07-31,online,collected_and_validated,Staging corrects the legacy mapping: printed online Win/(Loss) is gross; Unadjusted Monthly Gaming Revenue is sports win after excise; Total Gross Gaming Revenue is the post-promotion taxable/payment base. Original database retains the older mapping and must be reviewed before comparison.,"Use notebook 90 to check the requested metric, missing periods, source versions and operator coverage before analysis.",data/staging/gaming_nationwide.sqlite,https://portal.ct.gov/dcp/gaming-division/gaming/gaming-revenue-and-statistics [200],223,58
District of Columbia,DC,online_sports_betting,HTML/PDF,operator and districtwide,2,https://dclottery.com/olg/financials,2026-09-05,monthly,2024-07-01 to 2026-07-31,online,partially_collected,Stored official history starts July 2024; earlier GambetDC operator history is not represented. Complete-market comparisons across the transition are not supported.,"Use notebook 90 to check the requested metric, missing periods, source versions and operator coverage before analysis.",data/staging/gaming_nationwide.sqlite,https://dclottery.com/olg/financials [200],62,25
District of Columbia,DC,online_casino,none identified,unknown,99,https://dclottery.com/olg/financials,2026-09-05,none identified,none identified,unknown,no_public_series_found,Checked the official regulator reporting/FAQ source and linked reporting categories; no separate online casino revenue series identified. This does not establish current legal status.,Recheck the named official source for a product launch or separate public series; retain no zero observations.,data/staging/gaming_nationwide.sqlite,https://dclottery.com/olg/financials [200],0,0
Delaware,DE,online_sports_betting,HTML/PDF,licensee and statewide,2,https://delottery.com/Sports-Lottery/Monthly-Net-Proceeds,2026-09-05,accounting periods,none identified,mobile and retail combined,combined_reporting_only,Official lottery sportsbook tables group casino licensees and retailers without an isolated online column. Accounting periods can end before calendar month-end; sales/net proceeds are not automatically calendar-month GGR.,Obtain separately labeled online activity and exact period dates before upsert.,data/staging/gaming_nationwide.sqlite,https://delottery.com/Sports-Lottery/Monthly-Net-Proceeds [200] | https://www.delottery.com/More/iGaming/Monthly-Net-Proceeds [200],0,0
Delaware,DE,online_casino,HTML/PDF,licensee and statewide,2,https://www.delottery.com/More/iGaming/Monthly-Net-Proceeds,2026-09-05,monthly,2013-11-01 to 2026-07-31,online,collected_and_validated,Casino Played/Won/Net and later Total Net Gaming Revenue labels need period-specific review; vendor/operator transitions must not be treated as a constant revenue definition.,"Use notebook 90 to check the requested metric, missing periods, source versions and operator coverage before analysis.",data/staging/gaming_nationwide.sqlite,https://delottery.com/Sports-Lottery/Monthly-Net-Proceeds [200] | https://www.delottery.com/More/iGaming/Monthly-Net-Proceeds [200],612,153
Florida,FL,online_sports_betting,limited public reporting,not cleanly available,5,https://flgaming.gov/faq/,2026-09-05,none identified,none identified,tribal receipts combined,no_public_series_found,"FGCC statistics cover licensed slots, cardrooms and pari-mutuel handle. Annual reporting includes aggregate tribal revenue-share receipts, not an isolated Seminole online sports GGR series.",Use an official tribal sports breakdown if published; do not infer sports GGR from aggregate compact payments.,data/staging/gaming_nationwide.sqlite,https://flgaming.gov/pmw/statistics/ [200] | https://flgaming.gov/faq/ [200],0,0
Florida,FL,online_casino,none identified,unknown,99,https://flgaming.gov/faq/,2026-09-05,none identified,none identified,unknown,no_public_series_found,Checked the official regulator reporting/FAQ source and linked reporting categories; no separate online casino revenue series identified. This does not establish current legal status.,Recheck the named official source for a product launch or separate public series; retain no zero observations.,data/staging/gaming_nationwide.sqlite,https://flgaming.gov/pmw/statistics/ [200] | https://flgaming.gov/faq/ [200],0,0
Georgia,GA,online_sports_betting,none identified,unknown,99,https://gbi.georgia.gov/services/bingo,2026-09-05,none identified,none identified,not offered,product_not_offered,"GBI lists the lottery, bingo and raffles as the legal forms; no regulated online sportsbook/casino series offered in the checked scope.",Recheck the named official source for a product launch or separate public series; retain no zero observations.,data/staging/gaming_nationwide.sqlite,https://gbi.georgia.gov/services/bingo [200],0,0
Georgia,GA,online_casino,none identified,unknown,99,https://gbi.georgia.gov/services/bingo,2026-09-05,none identified,none identified,not offered,product_not_offered,"GBI lists the lottery, bingo and raffles as the legal forms; no regulated online sportsbook/casino series offered in the checked scope.",Recheck the named official source for a product launch or separate public series; retain no zero observations.,data/staging/gaming_nationwide.sqlite,https://gbi.georgia.gov/services/bingo [200],0,0
Hawaii,HI,online_sports_betting,none identified,unknown,99,https://files.hawaii.gov/dbedt/economic/data_reports/online_sports_wagering_report_2025.pdf,2026-09-05,none identified,none identified,unknown,no_public_series_found,"Reviewed the official sports-wagering working-group report and 2026 legislative proposals; these are proposals/research, not operating revenue reports. No public regulated series identified; enactment is not inferred from bill text.",Recheck the named official source for a product launch or separate public series; retain no zero observations.,data/staging/gaming_nationwide.sqlite,https://files.hawaii.gov/dbedt/economic/data_reports/online_sports_wagering_report_2025.pdf [200],0,0
Hawaii,HI,online_casino,none identified,unknown,99,https://files.hawaii.gov/dbedt/economic/data_reports/online_sports_wagering_report_2025.pdf,2026-09-05,none identified,none identified,unknown,no_public_series_found,"Reviewed the official sports-wagering working-group report and 2026 legislative proposals; these are proposals/research, not operating revenue reports. No public regulated series identified; enactment is not inferred from bill text.",Recheck the named official source for a product launch or separate public series; retain no zero observations.,data/staging/gaming_nationwide.sqlite,https://files.hawaii.gov/dbedt/economic/data_reports/online_sports_wagering_report_2025.pdf [200],0,0
Iowa,IA,online_sports_betting,XLSX/PDF,casino licensee and statewide,2,https://irgc.iowa.gov/publications-reports/sports-wagering-revenue,2026-09-05,monthly,2019-08-01 to 2026-07-31,online,collected_and_validated,Retained official reports parsed with state-specific field mappings and focused fixture checks. Representative validation does not prove full operator coverage or historical definition consistency.,"Use notebook 90 to check the requested metric, missing periods, source versions and operator coverage before analysis.",data/staging/gaming_nationwide.sqlite,https://irgc.iowa.gov/publications-reports/sports-wagering-revenue [200],1669,84
Iowa,IA,online_casino,none identified,unknown,99,https://irgc.iowa.gov/publications-reports/sports-wagering-revenue,2026-09-05,none identified,none identified,unknown,no_public_series_found,Checked the official regulator reporting/FAQ source and linked reporting categories; no separate online casino revenue series identified. This does not establish current legal status.,Recheck the named official source for a product launch or separate public series; retain no zero observations.,data/staging/gaming_nationwide.sqlite,https://irgc.iowa.gov/publications-reports/sports-wagering-revenue [200],0,0
Idaho,ID,online_sports_betting,none identified,unknown,99,https://www.idaholottery.com/charitable-gaming/idaho-law,2026-09-05,none identified,none identified,unknown,no_public_series_found,Reviewed Idaho Lottery gaming law and its charitable-gaming FAQ. No public online sports/casino operating series was identified.,Recheck the named official source for a product launch or separate public series; retain no zero observations.,data/staging/gaming_nationwide.sqlite,https://www.idaholottery.com/charitable-gaming/idaho-law [200],0,0
Idaho,ID,online_casino,none identified,unknown,99,https://www.idaholottery.com/charitable-gaming/idaho-law,2026-09-05,none identified,none identified,unknown,no_public_series_found,Reviewed Idaho Lottery gaming law and its charitable-gaming FAQ. No public online sports/casino operating series was identified.,Recheck the named official source for a product launch or separate public series; retain no zero observations.,data/staging/gaming_nationwide.sqlite,https://www.idaholottery.com/charitable-gaming/idaho-law [200],0,0
Illinois,IL,online_sports_betting,CSV and PDF,operator and statewide,1,https://igb.illinois.gov/sports-wagering/sports-reports.html,2026-09-05,monthly,2020-03-01 to 2026-06-30,online,collected_and_validated,Handle uses all wagering activity while State AGR comes from completed events. They are different clocks and must not be divided for hold. Legacy calculated totals are not regulator totals.,"Use notebook 90 to check the requested metric, missing periods, source versions and operator coverage before analysis.",data/staging/gaming_nationwide.sqlite,https://igb.illinois.gov/sports-wagering/sports-reports.html [200],891,76
Illinois,IL,online_casino,none identified,unknown,99,https://igb.illinois.gov/sports-wagering/sports-reports.html,2026-09-05,none identified,none identified,unknown,no_public_series_found,Checked the official regulator reporting/FAQ source and linked reporting categories; no separate online casino revenue series identified. This does not establish current legal status.,Recheck the named official source for a product launch or separate public series; retain no zero observations.,data/staging/gaming_nationwide.sqlite,https://igb.illinois.gov/sports-wagering/sports-reports.html [200],0,0
Indiana,IN,online_sports_betting,XLSX and PDF,licensee/operator and statewide,1,https://www.in.gov/igc/publications/monthly-revenue/,2026-09-05,monthly,2019-10-01 to 2026-07-31,online,collected_and_validated,Legacy calculated totals remain classified as derived. Gross Receipts and Taxable AGR are distinct source labels; do not assume every historical report has both.,"Use notebook 90 to check the requested metric, missing periods, source versions and operator coverage before analysis.",data/staging/gaming_nationwide.sqlite,https://www.in.gov/igc/publications/monthly-revenue/ [200],1025,82
Indiana,IN,online_casino,none identified,unknown,99,https://www.in.gov/igc/publications/monthly-revenue/,2026-09-05,none identified,none identified,unknown,no_public_series_found,Checked the official regulator reporting/FAQ source and linked reporting categories; no separate online casino revenue series identified. This does not establish current legal status.,Recheck the named official source for a product launch or separate public series; retain no zero observations.,data/staging/gaming_nationwide.sqlite,https://www.in.gov/igc/publications/monthly-revenue/ [200],0,0
Kansas,KS,online_sports_betting,PDF,provider and statewide,3,https://www.kslottery.gov/publications/sports-monthly-detail-breakdown/,2026-09-05,monthly,2023-01-01 to 2026-07-31,online,partially_collected,Current detail archive starts January 2023; September-December 2022 detail not linked. Two 2025 image reports are transcribed by exact hash. Dashes remain missing; net carryover is separate from Net Revenues.,"Use notebook 90 to check the requested metric, missing periods, source versions and operator coverage before analysis.",data/staging/gaming_nationwide.sqlite,https://www.kslottery.gov/publications/sports-monthly-detail-breakdown/ [200],314,43
Kansas,KS,online_casino,none identified,unknown,99,https://www.kslottery.gov/publications/sports-monthly-detail-breakdown/,2026-09-05,none identified,none identified,unknown,no_public_series_found,Checked the official regulator reporting/FAQ source and linked reporting categories; no separate online casino revenue series identified. This does not establish current legal status.,Recheck the named official source for a product launch or separate public series; retain no zero observations.,data/staging/gaming_nationwide.sqlite,https://www.kslottery.gov/publications/sports-monthly-detail-breakdown/ [200],0,0
Kentucky,KY,online_sports_betting,PDF,operator and statewide,3,https://khrc.ky.gov/newstatic_info.aspx/utils/newstatic_Info.aspx?menuid=80&static_ID=722,2026-09-05,monthly,2025-03-01 to 2025-04-30,online,partially_collected,"Only March-April 2025 statewide online figures transcribed from official June 2025 meeting packet, PDF pages 123-124. Tableau view returned UnexpectedError and CSV export HTTP 404. Other packet images/operator cells are not transcribed; no claim of complete history.","Use notebook 90 to check the requested metric, missing periods, source versions and operator coverage before analysis.",data/staging/gaming_nationwide.sqlite,https://khrc.ky.gov/new_docs.aspx?cat=76&menuid=80 [200] | https://public.tableau.com/views/SportsWageringMarketReport/SWStory.csv?:showVizHome=no [404] | https://public.tableau.com/views/SportsWageringMarketReport/SWStory?:showVizHome=no [200],2,2
Kentucky,KY,online_casino,none identified,unknown,99,https://khrc.ky.gov/newstatic_info.aspx/utils/newstatic_Info.aspx?menuid=80&static_ID=722,2026-09-05,none identified,none identified,unknown,no_public_series_found,Checked the official regulator reporting/FAQ source and linked reporting categories; no separate online casino revenue series identified. This does not establish current legal status.,Recheck the named official source for a product launch or separate public series; retain no zero observations.,data/staging/gaming_nationwide.sqlite,https://khrc.ky.gov/new_docs.aspx?cat=76&menuid=80 [200] | https://public.tableau.com/views/SportsWageringMarketReport/SWStory.csv?:showVizHome=no [404] | https://public.tableau.com/views/SportsWageringMarketReport/SWStory?:showVizHome=no [200],0,0
Louisiana,LA,online_sports_betting,PDF,operator/statewide varies,3,https://lgcb.dps.louisiana.gov/reports/,2026-09-05,monthly,2022-01-01 to 2026-07-31,online,partially_collected,FY22 workbook final two rows print July/August 2021 where May/June 2022 are expected. Those conflicting dates are excluded in staging; no replacement months invented. January 2022 is a partial launch month.,"Use notebook 90 to check the requested metric, missing periods, source versions and operator coverage before analysis.",data/staging/gaming_nationwide.sqlite,https://lgcb.dps.louisiana.gov/reports/ [200],53,53
Louisiana,LA,online_casino,none identified,unknown,99,https://lgcb.dps.louisiana.gov/reports/,2026-09-05,none identified,none identified,unknown,no_public_series_found,Checked the official regulator reporting/FAQ source and linked reporting categories; no separate online casino revenue series identified. This does not establish current legal status.,Recheck the named official source for a product launch or separate public series; retain no zero observations.,data/staging/gaming_nationwide.sqlite,https://lgcb.dps.louisiana.gov/reports/ [200],0,0
Massachusetts,MA,online_sports_betting,PDF/dashboard,operator and statewide,3,https://massgaming.com/regulations/revenue/,2026-09-05,monthly,2023-03-01 to 2026-07-31,online,collected_and_validated,Settled wagers and Accrual Win are distinct from Taxable Gaming Revenue; promotional adjustments must be reviewed. Partial launch month March 2023.,"Use notebook 90 to check the requested metric, missing periods, source versions and operator coverage before analysis.",data/staging/gaming_nationwide.sqlite,https://massgaming.com/regulations/revenue/ [200],291,41
Massachusetts,MA,online_casino,none identified,unknown,99,https://massgaming.com/regulations/revenue/,2026-09-05,none identified,none identified,unknown,no_public_series_found,Checked the official regulator reporting/FAQ source and linked reporting categories; no separate online casino revenue series identified. This does not establish current legal status.,Recheck the named official source for a product launch or separate public series; retain no zero observations.,data/staging/gaming_nationwide.sqlite,https://massgaming.com/regulations/revenue/ [200],0,0
Maryland,MD,online_sports_betting,Excel and HTML,licensee and statewide,1,https://www.mdgaming.com/maryland-sports-wagering/revenue-reports/,2026-09-05,monthly,2022-11-01 to 2026-07-31,online,collected_and_validated,Archive pagination and older release titles are now supported; staging reaches the November 2022 mobile launch. Early mobile subtotal is labeled Combined inside MOBILE. November 2022 retains negative taxable win; later summaries may floor losses. Wagers placed can settle later; see footnotes before growth or hold.,"Use notebook 90 to check the requested metric, missing periods, source versions and operator coverage before analysis.",data/staging/gaming_nationwide.sqlite,https://www.mdgaming.com/maryland-sports-wagering/revenue-reports/ [200] | https://www.mdgaming.com/maryland-sports-wagering/revenue-reports/all-financial-reports/page/2/ [200; older workbooks collected] | https://www.mdgaming.com/wp-content/uploads/2026/04/February-2026-Sports-Wagering-Data-accessible.pdf [200; mobile table page 2],611,45
Maryland,MD,online_casino,none identified,unknown,99,https://www.mdgaming.com/maryland-sports-wagering/revenue-reports/,2026-09-05,none identified,none identified,unknown,no_public_series_found,Checked the official regulator reporting/FAQ source and linked reporting categories; no separate online casino revenue series identified. This does not establish current legal status.,Recheck the named official source for a product launch or separate public series; retain no zero observations.,data/staging/gaming_nationwide.sqlite,https://www.mdgaming.com/maryland-sports-wagering/revenue-reports/ [200] | https://www.mdgaming.com/maryland-sports-wagering/revenue-reports/all-financial-reports/page/2/ [200; older workbooks collected] | https://www.mdgaming.com/wp-content/uploads/2026/04/February-2026-Sports-Wagering-Data-accessible.pdf [200; mobile table page 2],0,0
Maine,ME,online_sports_betting,PDF,operator and statewide,3,https://www.maine.gov/dps/gcu/sports-wagering/sports-wagering-revenue,2026-09-05,monthly,2023-11-01 to 2026-07-31,online,collected_and_validated,Two native tribal reporting groups; operator sums are not printed official statewide totals. YTD is a check only. No casino observations from TBA tables.,"Use notebook 90 to check the requested metric, missing periods, source versions and operator coverage before analysis.",data/staging/gaming_nationwide.sqlite,https://www11.maine.gov/dps/gcu/sports-wagering/sports-wagering-revenue [200] | https://www.maine.gov/dps/gcu/I-Gaming [200] | https://www.maine.gov/dps/gcu/I-Gaming/I-Gaming-Revenue-Distribution [200],66,33
Maine,ME,online_casino,pending,not yet established,5,https://www.maine.gov/dps/gcu/I-Gaming/I-Gaming-Revenue-Distribution,2026-09-05,none identified,none identified,online,reporting_pending,Official iGaming Revenue Distribution page lists tribal monthly reports as TBA; no operating numeric reports were posted at the check.,Check the TBA links after official reporting starts; do not fabricate pre-reporting zeros.,data/staging/gaming_nationwide.sqlite,https://www11.maine.gov/dps/gcu/sports-wagering/sports-wagering-revenue [200] | https://www.maine.gov/dps/gcu/I-Gaming [200] | https://www.maine.gov/dps/gcu/I-Gaming/I-Gaming-Revenue-Distribution [200],0,0
Michigan,MI,online_sports_betting,Excel,operator and statewide,1,https://www.michigan.gov/mgcb/detroit-casinos/resources/revenues-and-wagering-tax-information,2026-09-05,monthly,2021-01-01 to 2026-07-31,online,collected_and_validated,Retained official reports parsed with state-specific field mappings and focused fixture checks. Representative validation does not prove full operator coverage or historical definition consistency.,"Use notebook 90 to check the requested metric, missing periods, source versions and operator coverage before analysis.",data/staging/gaming_nationwide.sqlite,https://www.michigan.gov/mgcb/detroit-casinos/resources/revenues-and-wagering-tax-information [200],1060,67
Michigan,MI,online_casino,Excel,operator and statewide,1,https://www.michigan.gov/mgcb/detroit-casinos/resources/revenues-and-wagering-tax-information,2026-09-05,monthly,2021-01-01 to 2026-07-31,online,collected_and_validated,Retained official reports parsed with state-specific field mappings and focused fixture checks. Representative validation does not prove full operator coverage or historical definition consistency.,"Use notebook 90 to check the requested metric, missing periods, source versions and operator coverage before analysis.",data/staging/gaming_nationwide.sqlite,https://www.michigan.gov/mgcb/detroit-casinos/resources/revenues-and-wagering-tax-information [200],1060,67
Minnesota,MN,online_sports_betting,none identified,unknown,99,https://dps.mn.gov/news/age/want-bet-super-bowl-knowing-law-can-help-you-stay-safe-and-legal,2026-09-05,none identified,none identified,not offered,product_not_offered,Current DPS consumer guidance explicitly describes online sports betting and gaming as illegal; do not record offshore or prediction-market activity as regulated state revenue.,Recheck the named official source for a product launch or separate public series; retain no zero observations.,data/staging/gaming_nationwide.sqlite,https://dps.mn.gov/news/age/want-bet-super-bowl-knowing-law-can-help-you-stay-safe-and-legal [200],0,0
Minnesota,MN,online_casino,none identified,unknown,99,https://dps.mn.gov/news/age/want-bet-super-bowl-knowing-law-can-help-you-stay-safe-and-legal,2026-09-05,none identified,none identified,not offered,product_not_offered,Current DPS consumer guidance explicitly describes online sports betting and gaming as illegal; do not record offshore or prediction-market activity as regulated state revenue.,Recheck the named official source for a product launch or separate public series; retain no zero observations.,data/staging/gaming_nationwide.sqlite,https://dps.mn.gov/news/age/want-bet-super-bowl-knowing-law-can-help-you-stay-safe-and-legal [200],0,0
Missouri,MO,online_sports_betting,Excel and PDF,operator and statewide,1,https://www.mgc.dps.mo.gov/SportsWagering/sw_financials/rb_SWFin_main.html,2026-09-05,monthly,2025-12-01 to 2026-07-31,online,collected_and_validated,Retained official reports parsed with state-specific field mappings and focused fixture checks. Representative validation does not prove full operator coverage or historical definition consistency.,"Use notebook 90 to check the requested metric, missing periods, source versions and operator coverage before analysis.",data/staging/gaming_nationwide.sqlite,https://www.mgc.dps.mo.gov/SportsWagering/sw_financials/rb_SWFin_main.html [200],72,8
Missouri,MO,online_casino,none identified,unknown,99,https://www.mgc.dps.mo.gov/SportsWagering/sw_financials/rb_SWFin_main.html,2026-09-05,none identified,none identified,unknown,no_public_series_found,Checked the official regulator reporting/FAQ source and linked reporting categories; no separate online casino revenue series identified. This does not establish current legal status.,Recheck the named official source for a product launch or separate public series; retain no zero observations.,data/staging/gaming_nationwide.sqlite,https://www.mgc.dps.mo.gov/SportsWagering/sw_financials/rb_SWFin_main.html [200],0,0
Mississippi,MS,online_sports_betting,none identified,unknown,99,https://www.msgamingcommission.com/faqs,2026-09-05,none identified,none identified,location based mobile / retail,combined_reporting_only,MGC FAQ limits sports betting to casinos. Regional sports reports combine on-premises activity; no separate mobile-only values identified.,Keep location-based activity separate from statewide online. Use separately identified mobile values only if an official report supplies them.,data/staging/gaming_nationwide.sqlite,https://www.msgamingcommission.com/reports/monthly_reports [200] | https://www.msgamingcommission.com/faqs [200],0,0
Mississippi,MS,online_casino,none identified,unknown,99,https://www.msgamingcommission.com/faqs,2026-09-05,none identified,none identified,not offered,product_not_offered,MGC FAQ explicitly identifies online casino games as illegal; land-based casino revenue is excluded.,Recheck the named official source for a product launch or separate public series; retain no zero observations.,data/staging/gaming_nationwide.sqlite,https://www.msgamingcommission.com/reports/monthly_reports [200] | https://www.msgamingcommission.com/faqs [200],0,0
Montana,MT,online_sports_betting,none identified,unknown,99,https://montanalottery.com/annual-reports/,2026-09-05,none identified,none identified,location based mobile / retail,combined_reporting_only,Lottery sportsbook is location based; aggregate Sports Bet reports do not isolate mobile wagers from terminals. Annual financial statements are not statewide remote-online GGR.,Keep location-based activity separate from statewide online. Use separately identified mobile values only if an official report supplies them.,data/staging/gaming_nationwide.sqlite,https://montanalottery.com/ [200] | https://montanalottery.com/annual-reports/ [200],0,0
Montana,MT,online_casino,none identified,unknown,99,https://montanalottery.com/annual-reports/,2026-09-05,none identified,none identified,unknown,no_public_series_found,Checked the official regulator reporting/FAQ source and linked reporting categories; no separate online casino revenue series identified. This does not establish current legal status.,Recheck the named official source for a product launch or separate public series; retain no zero observations.,data/staging/gaming_nationwide.sqlite,https://montanalottery.com/ [200] | https://montanalottery.com/annual-reports/ [200],0,0
North Carolina,NC,online_sports_betting,PDF,statewide,3,https://ncgaming.gov/reports/,2026-09-05,monthly,2024-03-01 to 2026-07-31,online,collected_and_validated,Retained official reports parsed with state-specific field mappings and focused fixture checks. Representative validation does not prove full operator coverage or historical definition consistency.,"Use notebook 90 to check the requested metric, missing periods, source versions and operator coverage before analysis.",data/staging/gaming_nationwide.sqlite,https://ncgaming.gov/reports/ [200],31,29
North Carolina,NC,online_casino,none identified,unknown,99,https://ncgaming.gov/reports/,2026-09-05,none identified,none identified,unknown,no_public_series_found,Checked the official regulator reporting/FAQ source and linked reporting categories; no separate online casino revenue series identified. This does not establish current legal status.,Recheck the named official source for a product launch or separate public series; retain no zero observations.,data/staging/gaming_nationwide.sqlite,https://ncgaming.gov/reports/ [200],0,0
North Dakota,ND,online_sports_betting,none identified,unknown,99,https://attorneygeneral.nd.gov/licensing-and-gaming/gaming/,2026-09-05,none identified,none identified,not offered,product_not_offered,Attorney General gaming page explicitly prohibits online gaming except charitable raffles; tribal casino reporting is separate.,Recheck the named official source for a product launch or separate public series; retain no zero observations.,data/staging/gaming_nationwide.sqlite,https://attorneygeneral.nd.gov/licensing-and-gaming/gaming/ [200],0,0
North Dakota,ND,online_casino,none identified,unknown,99,https://attorneygeneral.nd.gov/licensing-and-gaming/gaming/,2026-09-05,none identified,none identified,not offered,product_not_offered,Attorney General gaming page explicitly prohibits online gaming except charitable raffles; tribal casino reporting is separate.,Recheck the named official source for a product launch or separate public series; retain no zero observations.,data/staging/gaming_nationwide.sqlite,https://attorneygeneral.nd.gov/licensing-and-gaming/gaming/ [200],0,0
Nebraska,NE,online_sports_betting,none identified,unknown,99,https://nrgc.nebraska.gov/gaming/sports-betting,2026-09-05,none identified,none identified,retail only,product_not_offered,NRGC sports-betting page explicitly says online/mobile sports wagering is not currently authorized. Racetrack retail reports are outside this series.,Recheck the named official source for a product launch or separate public series; retain no zero observations.,data/staging/gaming_nationwide.sqlite,https://nrgc.nebraska.gov/gaming/sports-betting [200],0,0
Nebraska,NE,online_casino,none identified,unknown,99,https://nrgc.nebraska.gov/gaming/sports-betting,2026-09-05,none identified,none identified,unknown,no_public_series_found,Checked the official regulator reporting/FAQ source and linked reporting categories; no separate online casino revenue series identified. This does not establish current legal status.,Recheck the named official source for a product launch or separate public series; retain no zero observations.,data/staging/gaming_nationwide.sqlite,https://nrgc.nebraska.gov/gaming/sports-betting [200],0,0
New Hampshire,NH,online_sports_betting,PDF,statewide,3,https://nhlottery.com/About-Us/Financial-Reports,2026-09-05,monthly,2019-12-01 to 2026-07-31,online,collected_and_validated,Retained official reports parsed with state-specific field mappings and focused fixture checks. Representative validation does not prove full operator coverage or historical definition consistency.,"Use notebook 90 to check the requested metric, missing periods, source versions and operator coverage before analysis.",data/staging/gaming_nationwide.sqlite,https://nhlottery.com/About-Us/Financial-Reports [200],80,80
New Hampshire,NH,online_casino,none identified,unknown,99,https://nhlottery.com/About-Us/Financial-Reports,2026-09-05,none identified,none identified,unknown,no_public_series_found,Checked the official regulator reporting/FAQ source and linked reporting categories; no separate online casino revenue series identified. This does not establish current legal status.,Recheck the named official source for a product launch or separate public series; retain no zero observations.,data/staging/gaming_nationwide.sqlite,https://nhlottery.com/About-Us/Financial-Reports [200],0,0
New Jersey,NJ,online_sports_betting,PDF/Excel,brand and statewide,2,https://www.njoag.gov/about/divisions-and-offices/division-of-gaming-enforcement-home/financial-and-statistical-information/monthly-sports-wagering-revenue-reports/,2026-09-05,monthly,2018-06-01 to 2026-07-31,online,partially_collected,Sports handle is missing. The 98 retained sports PDFs were replayed into staging using the repaired parser; missing tax/taxable cells remain missing. Original database keeps its older fields. Native reporting names are not a proven complete brand denominator.,"Use notebook 90 to check the requested metric, missing periods, source versions and operator coverage before analysis.",data/staging/gaming_nationwide.sqlite,https://www.njoag.gov/about/divisions-and-offices/division-of-gaming-enforcement-home/financial-and-statistical-information/monthly-sports-wagering-revenue-reports/ [200] | https://www.njoag.gov/about/divisions-and-offices/division-of-gaming-enforcement-home/financial-and-statistical-information/monthly-internet-gross-revenue-reports/ [200],1422,98
New Jersey,NJ,online_casino,PDF/Excel,licensee and statewide,2,https://www.njoag.gov/about/divisions-and-offices/division-of-gaming-enforcement-home/financial-and-statistical-information/monthly-internet-gross-revenue-reports/,2026-09-05,monthly,2016-01-01 to 2026-07-31,online,partially_collected,Sports handle is missing. The 98 retained sports PDFs were replayed into staging using the repaired parser; missing tax/taxable cells remain missing. Original database keeps its older fields. Native reporting names are not a proven complete brand denominator.,"Use notebook 90 to check the requested metric, missing periods, source versions and operator coverage before analysis.",data/staging/gaming_nationwide.sqlite,https://www.njoag.gov/about/divisions-and-offices/division-of-gaming-enforcement-home/financial-and-statistical-information/monthly-sports-wagering-revenue-reports/ [200] | https://www.njoag.gov/about/divisions-and-offices/division-of-gaming-enforcement-home/financial-and-statistical-information/monthly-internet-gross-revenue-reports/ [200],971,127
New Mexico,NM,online_sports_betting,none identified,unknown,99,https://www.gcb.nm.gov/2021/01/18/what-types-of-games-and-activities-are-prohibited-by-law/,2026-09-05,none identified,none identified,unknown,no_public_series_found,Reviewed Gaming Control Board FAQs and licensure pages; reported tribal/track activity does not establish statewide online coverage. No separately reported online series found.,Recheck the named official source for a product launch or separate public series; retain no zero observations.,data/staging/gaming_nationwide.sqlite,https://www.gcb.nm.gov/2021/01/18/what-types-of-games-and-activities-are-prohibited-by-law/ [200],0,0
New Mexico,NM,online_casino,none identified,unknown,99,https://www.gcb.nm.gov/2021/01/18/what-types-of-games-and-activities-are-prohibited-by-law/,2026-09-05,none identified,none identified,unknown,no_public_series_found,Reviewed Gaming Control Board FAQs and licensure pages; reported tribal/track activity does not establish statewide online coverage. No separately reported online series found.,Recheck the named official source for a product launch or separate public series; retain no zero observations.,data/staging/gaming_nationwide.sqlite,https://www.gcb.nm.gov/2021/01/18/what-types-of-games-and-activities-are-prohibited-by-law/ [200],0,0
Nevada,NV,online_sports_betting,PDF,combined sports pools,5,https://www.gaming.nv.gov/about-us/gaming-revenue-information-gri/,2026-09-05,monthly,2020-01-01 to 2026-07-31,online,partially_collected,Mobile-only win starts January 2020 in this archive. April/May 2020 sports rows are visibly suppressed in the official PDFs. June/July 2025 are hash-bound visual transcriptions. Handle cannot be recovered from rounded hold.,"Use notebook 90 to check the requested metric, missing periods, source versions and operator coverage before analysis.",data/staging/gaming_nationwide.sqlite,https://www.gaming.nv.gov/about-us/gaming-revenue-information-gri/ [200],77,77
Nevada,NV,online_casino,none identified,unknown,99,https://www.gaming.nv.gov/about-us/gaming-revenue-information-gri/,2026-09-05,none identified,none identified,interactive poker / land-based card games not isolated,combined_reporting_only,The published GRI reports card-game revenue without an online-only poker split. Interactive gaming is not a broad online slots/table-game series. No public online casino denominator is established.,Require a separately published interactive-game revenue figure; do not use the combined Card Games line.,data/staging/gaming_nationwide.sqlite,https://www.gaming.nv.gov/about-us/gaming-revenue-information-gri/ [200],0,0
New York,NY,online_sports_betting,Excel and PDF,operator and statewide,1,https://gaming.ny.gov/revenue-reports,2026-09-05,weekly,2022-01-03 to 2026-08-23,online,collected_and_validated,Weekly cash-basis mobile handle/GGR; overlapping month boundaries are not allocated into calendar months.,"Use notebook 90 to check the requested metric, missing periods, source versions and operator coverage before analysis.",data/staging/gaming_nationwide.sqlite,https://gaming.ny.gov/revenue-reports [200],2288,242
New York,NY,online_casino,none identified,unknown,99,https://gaming.ny.gov/revenue-reports,2026-09-05,none identified,none identified,unknown,no_public_series_found,Checked the official regulator reporting/FAQ source and linked reporting categories; no separate online casino revenue series identified. This does not establish current legal status.,Recheck the named official source for a product launch or separate public series; retain no zero observations.,data/staging/gaming_nationwide.sqlite,https://gaming.ny.gov/revenue-reports [200],0,0
Ohio,OH,online_sports_betting,PDF,operator and statewide,3,https://casinocontrol.ohio.gov/,2026-09-05,monthly,2023-01-01 to 2026-07-31,online,collected_and_validated,Retained official reports parsed with state-specific field mappings and focused fixture checks. Representative validation does not prove full operator coverage or historical definition consistency.,"Use notebook 90 to check the requested metric, missing periods, source versions and operator coverage before analysis.",data/staging/gaming_nationwide.sqlite,https://casinocontrol.ohio.gov/ [404],745,43
Ohio,OH,online_casino,none identified,unknown,99,https://casinocontrol.ohio.gov/,2026-09-05,none identified,none identified,unknown,no_public_series_found,Checked the official regulator reporting/FAQ source and linked reporting categories; no separate online casino revenue series identified. This does not establish current legal status.,Recheck the named official source for a product launch or separate public series; retain no zero observations.,data/staging/gaming_nationwide.sqlite,https://casinocontrol.ohio.gov/ [404],0,0
Oklahoma,OK,online_sports_betting,none identified,unknown,99,https://www.okc.gov/Services/Public-Safety/Police/Investigative-Units/Special-Operations,2026-09-05,none identified,none identified,unknown,no_public_series_found,"Official Oklahoma City police FAQ says sports betting is not authorized; direct access returned 403, with the official indexed page still readable. No online casino operating series identified.",Recheck the named official source for a product launch or separate public series; retain no zero observations.,data/staging/gaming_nationwide.sqlite,https://www.okc.gov/Services/Public-Safety/Police/Investigative-Units/Special-Operations [403 Client Error: Forbidden for url: https://www.okc.gov/Services/Public-Safety/Police/Investigative-Units/Special-Operations],0,0
Oklahoma,OK,online_casino,none identified,unknown,99,https://www.okc.gov/Services/Public-Safety/Police/Investigative-Units/Special-Operations,2026-09-05,none identified,none identified,unknown,no_public_series_found,"Official Oklahoma City police FAQ says sports betting is not authorized; direct access returned 403, with the official indexed page still readable. No online casino operating series identified.",Recheck the named official source for a product launch or separate public series; retain no zero observations.,data/staging/gaming_nationwide.sqlite,https://www.okc.gov/Services/Public-Safety/Police/Investigative-Units/Special-Operations [403 Client Error: Forbidden for url: https://www.okc.gov/Services/Public-Safety/Police/Investigative-Units/Special-Operations],0,0
Oregon,OR,online_sports_betting,HTML/annual report,statewide,5,https://www.oregonlottery.org/about/how-we-operate/commission-and-director-info/,2026-09-05,monthly,2025-07-01 to 2026-07-31,online,partially_collected,Public commission archive is rolling; currently retained monthly statements start July 2025. Older meeting materials require a public-records request. Draft/approved copies retained; any financial disagreement remains a conflict. Non-GAAP; annual reports not disaggregated into months.,"Use notebook 90 to check the requested metric, missing periods, source versions and operator coverage before analysis.",data/staging/gaming_nationwide.sqlite,https://www.oregonlottery.org/annual-report-2025/ [200] | https://www.oregonlottery.org/about/commission/ [200] | https://www.oregonlottery.org/about/commission-and-director/ [200] | https://www.oregonlottery.org/about/how-we-operate/commission-meeting-august-28-2026/ [200] | https://www.oregonlottery.org/wp-content/uploads/2026/08/Commission-August-2026-Draft-financial-statements-July-2026.pdf [200] | https://www.oregonlottery.org/wp-content/uploads/2025/09/Commission-September-2025-Draft-financial-statements-August-2025.pdf [200],29,13
Oregon,OR,online_casino,none identified,unknown,99,https://www.oregonlottery.org/about/how-we-operate/commission-and-director-info/,2026-09-05,none identified,none identified,unknown,no_public_series_found,Checked the official regulator reporting/FAQ source and linked reporting categories; no separate online casino revenue series identified. This does not establish current legal status.,Recheck the named official source for a product launch or separate public series; retain no zero observations.,data/staging/gaming_nationwide.sqlite,https://www.oregonlottery.org/annual-report-2025/ [200] | https://www.oregonlottery.org/about/commission/ [200] | https://www.oregonlottery.org/about/commission-and-director/ [200] | https://www.oregonlottery.org/about/how-we-operate/commission-meeting-august-28-2026/ [200] | https://www.oregonlottery.org/wp-content/uploads/2026/08/Commission-August-2026-Draft-financial-statements-July-2026.pdf [200] | https://www.oregonlottery.org/wp-content/uploads/2025/09/Commission-September-2025-Draft-financial-statements-August-2025.pdf [200],0,0
Pennsylvania,PA,online_sports_betting,Excel and PDF,operator and statewide,1,https://gamingcontrolboard.pa.gov/news-and-transparency/revenue,2026-09-05,monthly,2019-07-01 to 2026-07-31,online,collected_and_validated,Staging replays original sports workbooks and now retains printed Revenue as GGR alongside Gross Revenue (Taxable). Casino handle covers slot/table wagers but excludes poker rake volume; do not calculate blended casino hold.,"Use notebook 90 to check the requested metric, missing periods, source versions and operator coverage before analysis.",data/staging/gaming_nationwide.sqlite,https://gamingcontrolboard.pa.gov/news-and-transparency/revenue [200],1060,85
Pennsylvania,PA,online_casino,Excel and PDF,operator and statewide,1,https://gamingcontrolboard.pa.gov/news-and-transparency/revenue,2026-09-05,monthly,2019-07-01 to 2026-07-31,online,collected_and_validated,Staging replays original sports workbooks and now retains printed Revenue as GGR alongside Gross Revenue (Taxable). Casino handle covers slot/table wagers but excludes poker rake volume; do not calculate blended casino hold.,"Use notebook 90 to check the requested metric, missing periods, source versions and operator coverage before analysis.",data/staging/gaming_nationwide.sqlite,https://gamingcontrolboard.pa.gov/news-and-transparency/revenue [200],936,85
Rhode Island,RI,online_sports_betting,PDF,facility/online and statewide,3,https://www.rilot.com/en-us/about-us/financials.html,2026-09-05,monthly,2019-09-01 to 2026-07-31,online,collected_and_validated,Retained official reports parsed with state-specific field mappings and focused fixture checks. Representative validation does not prove full operator coverage or historical definition consistency.,"Use notebook 90 to check the requested metric, missing periods, source versions and operator coverage before analysis.",data/staging/gaming_nationwide.sqlite,https://www.rilot.com/en-us/about-us/financials.html [200],83,83
Rhode Island,RI,online_casino,PDF,statewide/game type,3,https://www.rilot.com/en-us/about-us/financials.html,2026-09-05,monthly,2024-03-01 to 2026-07-31,online,collected_and_validated,Retained official reports parsed with state-specific field mappings and focused fixture checks. Representative validation does not prove full operator coverage or historical definition consistency.,"Use notebook 90 to check the requested metric, missing periods, source versions and operator coverage before analysis.",data/staging/gaming_nationwide.sqlite,https://www.rilot.com/en-us/about-us/financials.html [200],29,29
South Carolina,SC,online_sports_betting,none identified,unknown,99,https://www.sled.sc.gov/index.php/departments/narcotics-alcohol-vice-special-operations-and-investigations,2026-09-05,none identified,none identified,unknown,no_public_series_found,Reviewed SLED gambling guidance and the cited state gambling-code source. No official online sportsbook/casino operating revenue archive found.,Recheck the named official source for a product launch or separate public series; retain no zero observations.,data/staging/gaming_nationwide.sqlite,https://www.sled.sc.gov/index.php/departments/narcotics-alcohol-vice-special-operations-and-investigations [200],0,0
South Carolina,SC,online_casino,none identified,unknown,99,https://www.sled.sc.gov/index.php/departments/narcotics-alcohol-vice-special-operations-and-investigations,2026-09-05,none identified,none identified,unknown,no_public_series_found,Reviewed SLED gambling guidance and the cited state gambling-code source. No official online sportsbook/casino operating revenue archive found.,Recheck the named official source for a product launch or separate public series; retain no zero observations.,data/staging/gaming_nationwide.sqlite,https://www.sled.sc.gov/index.php/departments/narcotics-alcohol-vice-special-operations-and-investigations [200],0,0
South Dakota,SD,online_sports_betting,none identified,unknown,99,https://dor.sd.gov/newsroom/beware-of-fraudulent-online-casinos/,2026-09-05,none identified,none identified,not offered,product_not_offered,Department of Revenue explicitly says online casino-style games and online sports wagering are unauthorized; retail Deadwood activity is excluded.,Recheck the named official source for a product launch or separate public series; retain no zero observations.,data/staging/gaming_nationwide.sqlite,https://dor.sd.gov/newsroom/beware-of-fraudulent-online-casinos/ [200],0,0
South Dakota,SD,online_casino,none identified,unknown,99,https://dor.sd.gov/newsroom/beware-of-fraudulent-online-casinos/,2026-09-05,none identified,none identified,not offered,product_not_offered,Department of Revenue explicitly says online casino-style games and online sports wagering are unauthorized; retail Deadwood activity is excluded.,Recheck the named official source for a product launch or separate public series; retain no zero observations.,data/staging/gaming_nationwide.sqlite,https://dor.sd.gov/newsroom/beware-of-fraudulent-online-casinos/ [200],0,0
Tennessee,TN,online_sports_betting,CSV and PDF,statewide,1,https://www.tn.gov/swac/reports,2026-09-05,monthly,2023-11-01 to 2026-07-31,online,collected_and_validated,"Current series is handle and privilege tax, not GGR. Do not backsolve revenue from tax. Earlier tax regimes are not mixed into this metric series.","Use notebook 90 to check the requested metric, missing periods, source versions and operator coverage before analysis.",data/staging/gaming_nationwide.sqlite,https://www.tn.gov/swac/reports [200],33,33
Tennessee,TN,online_casino,none identified,unknown,99,https://www.tn.gov/swac/reports,2026-09-05,none identified,none identified,unknown,no_public_series_found,Checked the official regulator reporting/FAQ source and linked reporting categories; no separate online casino revenue series identified. This does not establish current legal status.,Recheck the named official source for a product launch or separate public series; retain no zero observations.,data/staging/gaming_nationwide.sqlite,https://www.tn.gov/swac/reports [200],0,0
Texas,TX,online_sports_betting,none identified,unknown,99,https://guides.sll.texas.gov/gambling/sports-gambling,2026-09-05,none identified,none identified,not offered,product_not_offered,Texas State Law Library sports-gambling guide explicitly states that online sports betting remains illegal; no regulated operating series.,Recheck the named official source for a product launch or separate public series; retain no zero observations.,data/staging/gaming_nationwide.sqlite,https://guides.sll.texas.gov/gambling/sports-gambling [200],0,0
Texas,TX,online_casino,none identified,unknown,99,https://guides.sll.texas.gov/gambling/sports-gambling,2026-09-05,none identified,none identified,unknown,no_public_series_found,Checked the official regulator reporting/FAQ source and linked reporting categories; no separate online casino revenue series identified. This does not establish current legal status.,Recheck the named official source for a product launch or separate public series; retain no zero observations.,data/staging/gaming_nationwide.sqlite,https://guides.sll.texas.gov/gambling/sports-gambling [200],0,0
Utah,UT,online_sports_betting,none identified,unknown,99,https://le.utah.gov/xcode/Title76/Chapter10/C76-10-S1102_2020032820200328.pdf,2026-09-05,none identified,none identified,unknown,no_public_series_found,Reviewed official gambling-code material. The retained section is marked renumbered in 2025; do not treat that historical section alone as current law. No operating revenue archive found.,Recheck the named official source for a product launch or separate public series; retain no zero observations.,data/staging/gaming_nationwide.sqlite,https://le.utah.gov/xcode/Title76/Chapter10/C76-10-S1102_2020032820200328.pdf [200],0,0
Utah,UT,online_casino,none identified,unknown,99,https://le.utah.gov/xcode/Title76/Chapter10/C76-10-S1102_2020032820200328.pdf,2026-09-05,none identified,none identified,unknown,no_public_series_found,Reviewed official gambling-code material. The retained section is marked renumbered in 2025; do not treat that historical section alone as current law. No operating revenue archive found.,Recheck the named official source for a product launch or separate public series; retain no zero observations.,data/staging/gaming_nationwide.sqlite,https://le.utah.gov/xcode/Title76/Chapter10/C76-10-S1102_2020032820200328.pdf [200],0,0
Virginia,VA,online_sports_betting,PDF,statewide,3,https://www.valottery.com/aboutus/casinosandsportsbetting/sportsbetting,2026-09-05,monthly,Monthly official reports; July 2026 PDF inspected,online and retail combined,combined_reporting_only,Lottery release archive and legislative report RD532 were inspected. July 2026 totals cover 11 mobile and 3 land-based sportsbooks together; no separate online AGR/tax table found. News pages load release bodies through JavaScript.,Find a regulator mobile-only breakdown; retain combined values outside online comparisons. Evidence: https://rga.lis.virginia.gov/Published/2026/RD532/PDF,data/staging/gaming_nationwide.sqlite,https://www.valottery.com/about-us/casinosandsportsbetting/sportsbetting [200] | https://rga.lis.virginia.gov/Published/2026/RD532/PDF [200] | https://www.valottery.com/aboutus/casinosandsportsbetting/sportsbetting [200] | https://valottery.com/winnersnews/latestwinners?itemId={72295D43-4BD5-47A9-B90A-8D147ECA257C} [200] | https://valottery.com/winnersnews/latestwinners?itemId={398F438F-4284-4111-AB7C-209A3F08A100} [200],0,0
Virginia,VA,online_casino,none identified,unknown,99,https://www.valottery.com/aboutus/casinosandsportsbetting/sportsbetting,2026-09-05,none identified,none identified,unknown,no_public_series_found,Checked the official regulator reporting/FAQ source and linked reporting categories; no separate online casino revenue series identified. This does not establish current legal status.,Recheck the named official source for a product launch or separate public series; retain no zero observations.,data/staging/gaming_nationwide.sqlite,https://www.valottery.com/about-us/casinosandsportsbetting/sportsbetting [200] | https://rga.lis.virginia.gov/Published/2026/RD532/PDF [200] | https://www.valottery.com/aboutus/casinosandsportsbetting/sportsbetting [200] | https://valottery.com/winnersnews/latestwinners?itemId={72295D43-4BD5-47A9-B90A-8D147ECA257C} [200] | https://valottery.com/winnersnews/latestwinners?itemId={398F438F-4284-4111-AB7C-209A3F08A100} [200],0,0
Vermont,VT,online_sports_betting,PDF,statewide,3,https://liquorandlottery.vermont.gov/monthly-reports,2026-09-05,monthly,2024-01-01 to 2026-07-31,online,collected_and_validated,"Monthly source reports January 2024 onward; two broken-font reports use hash-bound transcriptions. Revenue share is contractual, not a uniform statutory tax.","Use notebook 90 to check the requested metric, missing periods, source versions and operator coverage before analysis.",data/staging/gaming_nationwide.sqlite,https://liquorandlottery.vermont.gov/sports-wagering [200] | https://liquorandlottery.vermont.gov/monthly-reports [200] | https://liquorandlottery.vermont.gov/monthly-sports-wagering-reports-2026 [200] | https://liquorandlottery.vermont.gov/monthly-sports-wagering-reports-2024 [200] | https://liquorandlottery.vermont.gov/sites/liqlot/files/documents/SW_Exec_Sum_Rpt_January_2026.pdf [200] | https://liquorandlottery.vermont.gov/sites/liqlot/files/documents/SW_Exec_Sum_Rpt_July_2026.pdf [200] | https://liquorandlottery.vermont.gov/sites/liqlot/files/documents/UpdatedSWExecSumRptDecember2024111.pdf [200] | https://liquorandlottery.vermont.gov/sites/liqlot/files/documents/SW_Jan_2024_SUM_0.pdf [200],31,31
Vermont,VT,online_casino,none identified,unknown,99,https://liquorandlottery.vermont.gov/monthly-reports,2026-09-05,none identified,none identified,unknown,no_public_series_found,Checked the official regulator reporting/FAQ source and linked reporting categories; no separate online casino revenue series identified. This does not establish current legal status.,Recheck the named official source for a product launch or separate public series; retain no zero observations.,data/staging/gaming_nationwide.sqlite,https://liquorandlottery.vermont.gov/sports-wagering [200] | https://liquorandlottery.vermont.gov/monthly-reports [200] | https://liquorandlottery.vermont.gov/monthly-sports-wagering-reports-2026 [200] | https://liquorandlottery.vermont.gov/monthly-sports-wagering-reports-2024 [200] | https://liquorandlottery.vermont.gov/sites/liqlot/files/documents/SW_Exec_Sum_Rpt_January_2026.pdf [200] | https://liquorandlottery.vermont.gov/sites/liqlot/files/documents/SW_Exec_Sum_Rpt_July_2026.pdf [200] | https://liquorandlottery.vermont.gov/sites/liqlot/files/documents/UpdatedSWExecSumRptDecember2024111.pdf [200] | https://liquorandlottery.vermont.gov/sites/liqlot/files/documents/SW_Jan_2024_SUM_0.pdf [200],0,0
Washington,WA,online_sports_betting,none identified,unknown,99,https://wsgc.wa.gov/tribal-partnerships/sports-wagering/sports-wagering-requirements-and-rules,2026-09-05,none identified,none identified,location based mobile / retail,combined_reporting_only,WSGC requires mobile sports wagers to be geofenced to tribal casino premises. No separately published mobile-only revenue series identified.,Keep location-based activity separate from statewide online. Use separately identified mobile values only if an official report supplies them.,data/staging/gaming_nationwide.sqlite,https://wsgc.wa.gov/tribal-partnerships/sports-wagering/sports-wagering-requirements-and-rules [200],0,0
Washington,WA,online_casino,none identified,unknown,99,https://wsgc.wa.gov/tribal-partnerships/sports-wagering/sports-wagering-requirements-and-rules,2026-09-05,none identified,none identified,unknown,no_public_series_found,Checked the official regulator reporting/FAQ source and linked reporting categories; no separate online casino revenue series identified. This does not establish current legal status.,Recheck the named official source for a product launch or separate public series; retain no zero observations.,data/staging/gaming_nationwide.sqlite,https://wsgc.wa.gov/tribal-partnerships/sports-wagering/sports-wagering-requirements-and-rules [200],0,0
Wisconsin,WI,online_sports_betting,none identified,unknown,99,https://doa.wi.gov/Pages/AboutDOA/Frequently-Asked-Questions.aspx,2026-09-05,none identified,none identified,location based mobile / retail,reporting_pending,DOA FAQ describes tribal reservation/facility sports wagering; Act 247 enables further compact work. No statewide online operating series or confirmed launch report found. Do not infer a launch from passage of the Act.,Keep location-based activity separate from statewide online. Use separately identified mobile values only if an official report supplies them.,data/staging/gaming_nationwide.sqlite,https://doa.wi.gov/Pages/AboutDOA/Frequently-Asked-Questions.aspx [200],0,0
Wisconsin,WI,online_casino,none identified,unknown,99,https://doa.wi.gov/Pages/AboutDOA/Frequently-Asked-Questions.aspx,2026-09-05,none identified,none identified,unknown,no_public_series_found,DOA FAQ describes tribal reservation/facility sports wagering; Act 247 enables further compact work. No statewide online operating series or confirmed launch report found. Do not infer a launch from passage of the Act.,Recheck the named official source for a product launch or separate public series; retain no zero observations.,data/staging/gaming_nationwide.sqlite,https://doa.wi.gov/Pages/AboutDOA/Frequently-Asked-Questions.aspx [200],0,0
West Virginia,WV,online_sports_betting,PDF/HTML,licensee and statewide,2,https://business.wvlottery.com/resourcesPayments,2026-09-05,weekly,2020-07-01 to 2026-08-22,online,collected_and_validated,Weekly periods remain as reported. Casino Revenue and sports Total Taxable Receipts are different metrics. Do not allocate weeks across calendar months.,"Use notebook 90 to check the requested metric, missing periods, source versions and operator coverage before analysis.",data/staging/gaming_nationwide.sqlite,https://business.wvlottery.com/resourcesPayments [200],1956,326
West Virginia,WV,online_casino,PDF/HTML,licensee and statewide,2,https://business.wvlottery.com/resourcesPayments,2026-09-05,weekly,2020-07-12 to 2026-08-22,online,collected_and_validated,Weekly periods remain as reported. Casino Revenue and sports Total Taxable Receipts are different metrics. Do not allocate weeks across calendar months.,"Use notebook 90 to check the requested metric, missing periods, source versions and operator coverage before analysis.",data/staging/gaming_nationwide.sqlite,https://business.wvlottery.com/resourcesPayments [200],1515,325
Wyoming,WY,online_sports_betting,PDF,combined report with online section,3,https://gaming.wyo.gov/revenue-reports/financial-reports/combined-wagering-activity-reports,2026-09-05,monthly,2021-09-01 to 2026-07-31,online,partially_collected,Historical statewide summaries become operator tables. April/May 2023 copies differ by pennies; December 2023 copies differ in tax availability. Consolidation flags all three as conflicting sources. Original net proceeds and later taxable revenue stay separate.,"Use notebook 90 to check the requested metric, missing periods, source versions and operator coverage before analysis.",data/staging/gaming_nationwide.sqlite,https://gaming.wyo.gov/revenue-reports/financial-reports [200] | https://gaming.wyo.gov/revenue-reports/financial-reports/combined-wagering-activity-reports [200] | https://gaming.wyo.gov/revenue-reports/historical-revenue-reports [200] | https://drive.google.com/uc?export=download&id=1n4T9M_mMy5sV6J5SCwRSvP4qimM-2Eyb [200] | https://drive.google.com/uc?export=download&id=1XAHpwXYOGDbBh43zeHKRrZ5XcdqVcqbV [200] | https://gaming.wyo.gov/revenue-reports/historical-revenue-reports/osw [200] | https://gaming.wyo.gov/revenue-reports/historical-revenue-reports/archive-combined-wagering-activity-2023 [200],270,59
Wyoming,WY,online_casino,none identified,unknown,99,https://gaming.wyo.gov/revenue-reports/financial-reports/combined-wagering-activity-reports,2026-09-05,none identified,none identified,unknown,no_public_series_found,Checked the official regulator reporting/FAQ source and linked reporting categories; no separate online casino revenue series identified. This does not establish current legal status.,Recheck the named official source for a product launch or separate public series; retain no zero observations.,data/staging/gaming_nationwide.sqlite,https://gaming.wyo.gov/revenue-reports/financial-reports [200] | https://gaming.wyo.gov/revenue-reports/financial-reports/combined-wagering-activity-reports [200] | https://gaming.wyo.gov/revenue-reports/historical-revenue-reports [200] | https://drive.google.com/uc?export=download&id=1n4T9M_mMy5sV6J5SCwRSvP4qimM-2Eyb [200] | https://drive.google.com/uc?export=download&id=1XAHpwXYOGDbBh43zeHKRrZ5XcdqVcqbV [200] | https://gaming.wyo.gov/revenue-reports/historical-revenue-reports/osw [200] | https://gaming.wyo.gov/revenue-reports/historical-revenue-reports/archive-combined-wagering-activity-2023 [200],0,0
