source_url,source_file,rows,error
https://www.oregonlottery.org/wp-content/uploads/2026/08/Commission-August-2026-Draft-financial-statements-July-2026.pdf,data\raw\OR\2026-09-05\50f1aa8042770b04c7412870f92820c3f4c573a27b6e9f871265730a9d3f27ac_Commission-August-2026-Draft-financial-statements-July-2026.pdf,1,
https://www.oregonlottery.org/wp-content/uploads/2026/08/Commission-August-2026-Draft-financial-statements-April-2026.pdf,data\raw\OR\2026-09-05\940d3c6611cc14c325061232a1df17acc8f8c676fe3db38470cf720c7a4479f1_Commission-August-2026-Draft-financial-statements-April-2026.pdf,1,
https://www.oregonlottery.org/wp-content/uploads/2026/08/Commission-August-2026-Draft-financial-statements-May-2026.pdf,data\raw\OR\2026-09-05\803ab19dc778a20e9613a55081d68a70f9a85c33d44724f10252db56d561cca1_Commission-August-2026-Draft-financial-statements-May-2026.pdf,1,
https://www.oregonlottery.org/wp-content/uploads/2026/08/Commission-August-2026-Draft-financial-statements-June_FY26.pdf,data\raw\OR\2026-09-05\4dad1ee18cea1a954f0a0528a0ad0e37b9d34fb457fd3e8c0779db2fdef20c66_Commission-August-2026-Draft-financial-statements-June_FY26.pdf,1,
https://www.oregonlottery.org/wp-content/uploads/2026/08/Commission-August-2026-Approved-financial-statements-April-2026.pdf,data\raw\OR\2026-09-05\3e8d63c659160ee6e764301310fa1375027ff2603bbbd43e23a752a0ad08bd02_Commission-August-2026-Approved-financial-statements-April-2026.pdf,1,
https://www.oregonlottery.org/wp-content/uploads/2026/08/Commission-August-2026-Approved-financial-statements-May-2026.pdf,data\raw\OR\2026-09-05\cb66beb4a6b5af9ef7625f718128678d26edf3d8b8bc9e5e103b0fede061eb54_Commission-August-2026-Approved-financial-statements-May-2026.pdf,1,
https://www.oregonlottery.org/wp-content/uploads/2026/08/Commission-August-2026-Approved-financial-statements-June_FY26.pdf,data\raw\OR\2026-09-05\2ad1ab821d738f66e3bfc50519620e89692117ed48729732df435965b2656ab6_Commission-August-2026-Approved-financial-statements-June_FY26.pdf,1,
https://www.oregonlottery.org/wp-content/uploads/2026/07/Commission-July-2026-Preliminary-financial-statements-June-2026.pdf,data\raw\OR\2026-09-05\a7611518dfbb4bd75973c4a2f682f516783526714603b7fda0f2be52daa2a10e_Commission-July-2026-Preliminary-financial-statements-June-2026.pdf,1,
https://www.oregonlottery.org/wp-content/uploads/2026/06/Commission-June-2026-EX-1-Draft-financial-statements-May-2026.pdf,data\raw\OR\2026-09-05\522fb9d0c4c8339ed0c1733969c25c221920690129c1e786f312ca4b231a5f78_Commission-June-2026-EX-1-Draft-financial-statements-May-2026.pdf,1,
https://www.oregonlottery.org/wp-content/uploads/2026/05/Draft-April-Financial-Statements.pdf,data\raw\OR\2026-09-05\892df6f8c08cc7acf9e358399cdadc4df93ff429a19d46f0bdf3663a19d6795c_Draft-April-Financial-Statements.pdf,1,
https://www.oregonlottery.org/wp-content/uploads/2026/04/Commission-April-2026-Draft-financial-statements-January-2026.pdf,data\raw\OR\2026-09-05\7886c4bc27740098bb1a48d3e564d51cc46ca8fa8bec14d0426e718976be68f2_Commission-February-2026-Draft-financial-statements-January-2026.pdf,1,
https://www.oregonlottery.org/wp-content/uploads/2026/04/Commission-April-2026-Draft-financial-statements-February-2026.pdf,data\raw\OR\2026-09-05\59d9bef426d1e9bd269ba7e3e63a95d32707942096d61453b9f72a2d24f064b1_Commission-March-2026-Draft-financial-statements-February-2026.pdf,1,
https://www.oregonlottery.org/wp-content/uploads/2026/04/Commission-April-2026-Draft-financial-statements-March-2026.pdf,data\raw\OR\2026-09-05\2bd858217552d275eaa65605b8507b3ef3bc8b958cba17f70f6df89fd962723c_Commission-April-2026-Draft-financial-statements-March-2026.pdf,1,
https://www.oregonlottery.org/wp-content/uploads/2026/04/Commission-April-2026-Approved-financial-statements-January-2026.pdf,data\raw\OR\2026-09-05\d013e2eac2e8930cc5054c5631cb9efbce5b70e53301d774723317bd4f7465b2_Commission-April-2026-Approved-financial-statements-January-2026.pdf,1,
https://www.oregonlottery.org/wp-content/uploads/2026/04/Commission-April-2026-Approved-financial-statements-February-2026.pdf,data\raw\OR\2026-09-05\48f8b6bbe16012523b4697af0df52bb0ccd2287569b2d72ed5976741ab8f8a24_Commission-April-2026-Approved-financial-statements-February-2026.pdf,1,
https://www.oregonlottery.org/wp-content/uploads/2026/04/Commission-April-2026-Approved-financial-statements-March-2026.pdf,data\raw\OR\2026-09-05\7fd3db8095e32e62f304a86f4e8ab52852b9fb8a98b73de085e4d4b4452e28a6_Commission-April-2026-Approved-financial-statements-March-2026.pdf,1,
https://www.oregonlottery.org/wp-content/uploads/2026/03/Commission-March-2026-Draft-financial-statements-February-2026.pdf,data\raw\OR\2026-09-05\59d9bef426d1e9bd269ba7e3e63a95d32707942096d61453b9f72a2d24f064b1_Commission-March-2026-Draft-financial-statements-February-2026.pdf,1,
https://www.oregonlottery.org/wp-content/uploads/2026/02/Commission-February-2026-Draft-financial-statements-January-2026.pdf,data\raw\OR\2026-09-05\7886c4bc27740098bb1a48d3e564d51cc46ca8fa8bec14d0426e718976be68f2_Commission-February-2026-Draft-financial-statements-January-2026.pdf,1,
https://www.oregonlottery.org/wp-content/uploads/2026/01/Commission-January-2026-Draft-financial-statements-October-2025.pdf,data\raw\OR\2026-09-05\a3fd4a5a8149cbf07680787ef19d35d66012badfc546938c4695e633f4d63c6a_Draft-financial-statements-October-2025.pdf,1,
https://www.oregonlottery.org/wp-content/uploads/2026/01/Commission-January-2026-Draft-financial-statements-November-2025.pdf,data\raw\OR\2026-09-05\bec7ffd00b89a075260dace5374210a740332ecc62c464d12086b83f13ffd870_Commission-December-2025-Draft-financial-statements-November-2025.pdf,1,
https://www.oregonlottery.org/wp-content/uploads/2026/01/Commission-January-2026-Draft-financial-statements-December-2025.pdf,data\raw\OR\2026-09-05\f88ffc2a46eb56db6c4d1f4203763ec433d10783327ef39387f36cdcd0f1c50c_Commission-January-2026-Draft-financial-statements-December-2025.pdf,1,
https://www.oregonlottery.org/wp-content/uploads/2026/01/Commission-January-2026-Approved-financial-statements-October-2025.pdf,data\raw\OR\2026-09-05\7a7bde09559482ef26571565fd65fb34234892ed9b121d9ffe9aa72a0a460707_Commission-January-2026-Approved-financial-statements-October-2025.pdf,1,
https://www.oregonlottery.org/wp-content/uploads/2026/01/Commission-January-2026-Approved-financial-statements-November-2025.pdf,data\raw\OR\2026-09-05\d523ed40408cba0c927379c81ccbf29e0f96f6424790c91c61f8366742efc2f4_Commission-January-2026-Approved-financial-statements-November-2025.pdf,1,
https://www.oregonlottery.org/wp-content/uploads/2026/01/Commission-January-2026-Approved-financial-statements-December-2025.pdf,data\raw\OR\2026-09-05\48464bcc22ac77770e0eaf011375d3cbd9bde0d2a1f14b3f573ee6e84874419c_Commission-January-2026-Approved-financial-statements-December-2025.pdf,1,
https://www.oregonlottery.org/wp-content/uploads/2025/12/Commission-December-2025-Draft-financial-statements-November-2025.pdf,data\raw\OR\2026-09-05\bec7ffd00b89a075260dace5374210a740332ecc62c464d12086b83f13ffd870_Commission-December-2025-Draft-financial-statements-November-2025.pdf,1,
https://www.oregonlottery.org/wp-content/uploads/2025/11/Draft-financial-statements-October-2025.pdf,data\raw\OR\2026-09-05\a3fd4a5a8149cbf07680787ef19d35d66012badfc546938c4695e633f4d63c6a_Draft-financial-statements-October-2025.pdf,1,
https://www.oregonlottery.org/wp-content/uploads/2025/10/Draft-financial-statements-July-2025.pdf,data\raw\OR\2026-09-05\f690eeaec882e61a15548921750c648e64926f9a19c75da08adb635b528fba05_Draft-financial-statements-July-2025.pdf,1,
https://www.oregonlottery.org/wp-content/uploads/2025/10/Draft-financial-statements-August-2025.pdf,data\raw\OR\2026-09-05\c6c28256132def89e0c017f844266f70182be7ceea5e3a57a2fadbe191efb03b_Draft-financial-statements-August-2025.pdf,1,
https://www.oregonlottery.org/wp-content/uploads/2025/10/Draft-financial-statements-September-2025.pdf,data\raw\OR\2026-09-05\599c354112709535a13e6581b64c4b40cc43d0aa86b4e03f26fb61beebaff3e1_Draft-financial-statements-September-2025.pdf,1,
https://www.oregonlottery.org/wp-content/uploads/2025/10/Approved-financial-statements-July-2025.pdf,data\raw\OR\2026-09-05\8a3414410e1070079d906c1fc03796dd0fc54f33d3c67c07be1410dc1cb9a73a_Approved-financial-statements-July-2025.pdf,1,
https://www.oregonlottery.org/wp-content/uploads/2025/10/Approved-financial-statements-August-2025.pdf,data\raw\OR\2026-09-05\2e617f8510c5543bb144ae8184ec1df44628441eac8ecd3b144cb96cfe5afe62_Approved-financial-statements-August-2025.pdf,1,
https://www.oregonlottery.org/wp-content/uploads/2025/10/Approved-financial-statements-September-2025.pdf,data\raw\OR\2026-09-05\2d2948838f92b58aef8889fddd36b997889259720c46abf17d95f2c76ead943f_Approved-financial-statements-September-2025.pdf,1,
https://www.oregonlottery.org/wp-content/uploads/2025/09/Commission-September-2025-Draft-financial-statements-August-2025.pdf,data\raw\OR\2026-09-05\2b0eca8c53a28304996a31d93dc96c712333480bc9e3bfd81142d30877456fa4_Commission-September-2025-Draft-financial-statements-August-2025.pdf,1,
